 <entities>
	<entity key="GreenSlime" sprite="12,12" name="Green Slime" hp="25" attack="15" defense="1" exp="1" gold="1" />
	<entity key="RedSlime" sprite="12,13" name="Red Slime" hp="50" attack="20" defense="3" exp="1" gold="2" />
	<entity key="BlackSlime" sprite="12,14" name="Black Slime" hp="75" attack="35" defense="5" exp="2" gold ="4" />
	<entity key="KingSlime" sprite="12,15" name="King Slime" hp="325" attack="145" defense="70" exp="8" gold="14" />
	
	<entity key="SmallBat" sprite="10,12" name="Small Bat" hp="75" attack="25" defense="5" exp="2" gold="2" />
	<entity key="LargeBat" sprite="10,13" name="Large Bat" hp="285" attack="45" defense="15" exp="5" gold="5"/>
	<entity key="BloodBat" sprite="10,14" name="Blood Bat" hp="650" attack="195" defense="120" exp="13" gold="20"/>
	
	<entity key="DemonicBat" sprite="14,10" name="Demonic Bat" hp="1250" attack="925" defense="540" exp="20" gold="37"/>
	
	<entity key="Skeleton" sprite="8,12" name="Skeleton" hp="95" attack="30" defense="4" exp="2" gold="3" />
	<entity key="WarriorSkeleton" sprite="8,13" name="Skeleton Warrior" hp="165" attack="75" defense="20" exp="3" gold="7" />
	<entity key="LeaderSkeleton" sprite="8,14" name="Skeleton Assassin" hp="805" attack="220" defense="125" exp="14" gold="19" />
	
	<entity key="SoulSkeleton" sprite="8,15" name="Skeleton Shadowmancer" hp="1000" attack="740" defense="550" exp="28" gold="38" />
	
	<entity key="Undead" sprite="6,12" name="Undead" hp="325" attack="105" defense="60" exp="7" gold="11" />
	<entity key="UndeadWarrior" sprite="6,13" name="Undead Warrior" hp="725" attack="240" defense="110" exp="10" gold="15" />
	<entity key="UndeadCorruptor" sprite="2,15" name="Undead Corruptor" hp="1050" attack="250" defense="145" exp="15" gold="35" />
	
	<entity key="ApprenticeWizard" sprite="4,12" name="Apprentice Wizard" hp="120" attack="45" defense="15" exp="5" gold="8" />
	<entity key="MysticWizard" sprite="4,13" name="Mystic Wizard" hp="350" attack="220" defense="80" exp="17" gold="15" />
	<entity key="Necromancer" sprite="4,14" name="Necromancer" hp="650" attack="300" defense="150" exp="30" gold="45" />
	
	<entity key="ChaosMage" sprite="4,15" name="Chaos Necromancer" hp="4200" attack="955" defense="620" exp="50" gold="75" />
	
	<entity key="GemGolem" sprite="10,8" name="Gem Golem" hp="455" attack="100" defense="75" exp="7" gold="9" />
	<entity key="SapphireGolem" sprite="10,9" name="Sapphire Golem" hp="650" attack="260" defense="130" exp="24" gold="24" />
	<entity key="RubyGolem" sprite="10,10" name="Ruby Golem" hp="1825" attack="385" defense="350" exp="35" gold="50" />
	
	<entity key="Knight" sprite="8,8" name="Marching Knight" hp="625" attack="145" defense="80" exp="13" gold="23" />
	<entity key="CaptainKnight" sprite="8,9" name="Captain Knight" hp="1000" attack="280" defense="130" exp="23" gold="35" />
	<entity key="BlazingKnight" sprite="8,10" name="Blazing Knight" hp="1225" attack="380" defense="200" exp="30" gold="45" />
	
	<entity key="RockConstruct" sprite="6,14" hp="250" name="Rock Construct" attack="120" defense="80" exp="8" gold="13" />
	<entity key="VolcanicConstruct" sprite="14,11" hp="500" name="Volcanic Construct" attack="740" defense="600" exp="21" gold="55" />
	
	<entity key="DuelWielder" sprite="10,11" name="Duel Wielder" hp="600" attack="325" defense="225" exp="16" gold="45" />
	<entity key="DarkWalker" sprite="14,9" name="Dark Walker" hp="1000" attack="1500" defense="1350" exp="32" gold="80" />
	<entity key="VoidWalker" sprite="6,15" name="Void Walker" hp="650" attack="225" defense="100" exp="15" gold="27" />
	<entity key="DemonWalker" sprite="6,8" name="Demon Walker" hp="1200" attack="1370" defense="820" exp="30" gold="60" />
	
	<entity key="ClubGoblin" sprite="16,8" name="Goblin Clubwielder" hp="1200" attack="875" defense="590" exp="16" gold="20" />
	<entity key="AxeGoblin" sprite="16,9" name="Goblin Axeman" hp="1800" attack="900" defense="610" exp="18" gold="21" />
	<entity key="WarriorGoblin" sprite="16,10" name="Goblin Warrior" hp="2000" attack="945" defense="650" exp="22" gold="25" />
	<entity key="MasterGoblin" sprite="16,11" name="Goblin Swordmaster" hp="2500" attack="1000" defense="720" exp="25" gold="30" />
	
	<entity key="CrystalSorcerer" sprite="18,8" name="Crystal Sorcerer" hp="1000" attack="800" defense="550" exp="17" gold="20" />
	<entity key="DeepSorcerer" sprite="18,9" name="Deep Sorcerer" hp="1500" attack="860" defense="700" exp="22" gold="24" />
	<entity key="DarkWitch" sprite="18,10" name="Dark Witch" hp="2225" attack="1020" defense="885" exp="28" gold="31" />
	<entity key="HellfireWitch" sprite="18,11" name="Hellfire Conductor" hp="3000" attack="1400" defense="1000" exp="30" gold="45" />
	
	<entity key="ArmoredCarcass" sprite="18,12" name="Armored Carcass" hp="2775" attack="1325" defense="960" exp="27" gold="39" />
	<entity key="WielderCarcass" sprite="18,13" name="Duel-Wielded Carcass" hp="2425" attack="1550" defense="1200" exp="30" gold="42" />
	<entity key="GuardianCarcass" sprite="18,14" name="Guardian Carcass" hp="3000" attack="1850" defense="1350" exp="35" gold="50" />
	<entity key="LichKing" sprite="18,15" name="Lich King" hp="4500" attack="2000" defense="1850" exp="40" gold="80" />
	
	<entity key="EmeraldKnight" sprite="20,8" name="Cursed Emerald Knight" hp="4000" attack="2200" defense="2250" exp="45" gold="60" />
	<entity key="GoldKnight" sprite="20,9" name="Unholy Champion" hp="8000" attack="2700" defense="2400" exp="50" gold="80" />
	<entity key="SoulWielder" sprite="20,10" name="Soul Duel-Wielder" hp="3200" attack="2000" defense="1700" exp="39" gold="50" />
	<entity key="CursedKnight" sprite="20,11" name="Cursed Hollow Armor" hp="3000" attack="1850" defense="1400" exp="29" gold="30" />
	
	<entity key="GemGoliath" sprite="20,12" name="Gem Goliath" hp="1550" attack="1000" defense="725" exp="19" gold="24" />
	<entity key="SapphireGoliath" sprite="20,13" name="Sapphire Goliath" hp="2225" attack="1335" defense="1225" exp="23" gold="30" />
	<entity key="RubyGoliath" sprite="20,14" name="Ruby Goliath" hp="3000" attack="1775" defense="1500" exp="26" gold="40" />
	<entity key="CursedGoliath" sprite="20,15" name="Cursed Goliath" hp="3225" attack="2000" defense="1800" exp="28" gold="39" />
	
	<entity key="YellowDemon" sprite="22,8" name="Unholy Demon" hp="5000" attack="2200" defense="2000" exp="30" gold="34" />
	<entity key="ArmedGuard" sprite="22,9" name="Armed Underworld Guard" hp="4200" attack="2000" defense="1825" exp="27" gold="32" />
	<entity key="Succubus" sprite="22,10" name="Doom Succubus" hp="5250" attack="3000" defense="2700" exp="40" gold="55" />
	<entity key="CobaltDemon" sprite="22,11" name="Vile Demon" hp="4800" attack="2800" defense="2300" exp="36" gold="50" />
	
	<entity key="DarkImp" sprite="22,12" name="Dark Imp" hp="1000" attack="800" defense="500" gold="14" exp="13" />
	<entity key="VileImp" sprite="22,13" name="Vile Imp" hp="2400" attack="1600" defense="1200" gold="24" exp="20" />
	
	<entity key="RockGuardian" hp="3000" sprite="20,16" name="Rock Guardian" attack="820" defense="700" gold="12" exp="10" />
	<entity key="RockAbomination" hp="5000" sprite="20,17" name="Rock Abomination" attack="1444" defense="1325" gold="19" exp="17" />
	
	<entity key="GemBoulder" sprite="18,16" hp="1000" name="Gem Megalith" attack="750" defense="525" exp="10" gold="13" />
	<entity key="SapphireBoulder" sprite="18,17" hp="1500" name="Sapphire Megalith" attack="1150" defense="735" gold="18" exp="17" />
	<entity key="RubyBoulder" sprite="18,18" hp="2000" name="Ruby Megalith" attack="1655" defense="1500" gold="23" exp="20" />
	<entity key="CursedBoulder" sprite="18,19" hp="3500" name="Cursed Megalith" attack="2225" defense="2000" gold="40" exp="29" />
	
	<entity key="GreenSlimeGod" sprite="8,16" hp="600" name="Green Slime God" attack="600" defense="400" exp="7" gold="10" />
	<entity key="RedSlimeGod" sprite="8,17" hp="800" name="Red Slime God" attack="680" defense="500" exp="9" gold="13" />
	<entity key="BlackSlimeGod" sprite="8,18" hp="1000" name="Black Slime God" attack="750" defense="550" exp="12" gold="16" />
	<entity key="LordSlime" sprite="8,19" hp="2500" name="Lord of all Slimes" attack="1050" defense="600" exp="20" gold="40" />
	
	<entity key="Archdemon" sprite="10,15" name="Archdemon Melphas" hp="2500" attack="2935" defense="2800" exp="55" gold="100" />
	
	<entity key="SoulKnight" sprite="8,11" name="Soul Knight" hp="5000" attack="3735" defense="3400" exp="35" gold="70" />
	<entity key="SoulMage" sprite="6,11" name="Dark Caster" hp="4850" attack="3950" defense="3250" exp="45" gold="75" />
	<entity key="DiabolicKnight" sprite="4,11" name="Diabolic Knight" hp="5500" attack="3520" defense="3300" exp="32" gold="50" />
	
	<entity key="RottenAbomination" sprite="2,15" name="Rotten Abomination" hp="1775" attack="1450" defense="1250" exp="55" gold="70" />
	
	<entity key="UnderworldGuard" sprite="6,10" name="Guard of Underworld" hp="2000" attack="1475" defense="1300" exp="65" gold="120" />
	<entity key="SpiritSiphonGuard" sprite="4,10" name="Spirit Siphon Guard" hp="3500" attack="1565" defense="1400" exp="85" gold="160" />
	
	<entity key="RedDemon" sprite="6,9" name="Blood Demon Saphon" hp="15000" attack="5700" defense="5500" exp="100" gold="180" />
	<entity key="YellowDemon" sprite="4,9" name="Doom Demon Lucifer" hp="17500" attack="6000" defense="6800" exp="137" gold="200" />
	<entity key="BlackDemon" sprite="6,7" name="Iniquitous Demon Sethos" hp="100000" attack="7500" defense="7000" exp="200" gold="300" />
	
	<entity key="DemonBoss" sprite="4,8" name="Zenos the Deathmaster" hp="200000" attack="15500" defense="14000" exp="1000" gold="2000" />
	
</entities>