<?xml version="1.0" encoding="UTF-8"?>
<project-private xmlns="http://www.netbeans.org/ns/project-private/1">
    <editor-bookmarks xmlns="http://www.netbeans.org/ns/editor-bookmarks/2" lastBookmarkId="0"/>
    <open-files xmlns="http://www.netbeans.org/ns/projectui-open-files/2">
        <group>
            <file>file:/C:/Users/Acer%20User/Desktop/DrJavaCompSci/src/BossFight.java</file>
            <file>file:/C:/Users/Acer%20User/Desktop/DrJavaCompSci/src/XMLFile.java</file>
            <file>file:/C:/Users/Acer%20User/Desktop/DrJavaCompSci/src/UI.java</file>
            <file>file:/C:/Users/Acer%20User/Desktop/DrJavaCompSci/src/level.xml</file>
            <file>file:/C:/Users/Acer%20User/Desktop/DrJavaCompSci/src/Tile.java</file>
            <file>file:/C:/Users/Acer%20User/Desktop/DrJavaCompSci/src/GameLauncher.java</file>
            <file>file:/C:/Users/Acer%20User/Desktop/DrJavaCompSci/src/Bitmap.java</file>
        </group>
    </open-files>
</project-private>
